Sum of Total Sales,Column Labels,,,,,,,,,,,,,,,,,,
Row Labels,"? 2,022.00","? 2,023.00",2024,Grand Total,,,,,,,,,,,,,,,
Jan,"? 4,37,711.95","? 4,72,506.66","? 4,28,729.12","? 13,38,947.73",,,,,,,,,,,,,,,
Mar,"? 4,11,672.50","? 4,99,116.51","? 4,47,286.58","? 13,58,075.59",,,,,,,,,Sum of Total Sales,,Sum of Units_Sold,,,,
May,"? 4,49,136.75","? 4,41,199.95","? 4,49,827.07","? 13,40,163.77",,,,,,,,,"? 1,55,43,773.90",,"? 2,93,420.00",,Average of Price_per_Unit,,Count of Order_ID
Aug,"? 5,11,007.25","? 4,22,008.10","? 4,34,945.36","? 13,67,960.71",,,,,,,,,,,,,52.78902927,,8849
Oct,"? 4,70,566.39","? 4,58,283.38","? 4,53,799.37","? 13,82,649.14",,,,,,,,,,,,,,,
Grand Total,"? 22,80,094.84","? 22,93,114.60","? 22,14,587.50","? 67,87,796.94",,,,,,,,,,,,,,,
,,,,,,,,,,,,,Total sales,,Unit sold,,,,
,,,,,,,,,,,,,"? 1,55,43,773.90",,"? 2,93,420.00",,Average per unit,,orders
,,,,,,,,,,,,,,,,,53,,8849
,,,,,,,,,,,,,,,,,,,
,,,,,,,,,,,,,,,,,,,
,,,,,,,,,,,,,,,,,,,
,,,,,,,,,,,,,,,,,,,
,,,,,,,,,,,,,,,,,,,
,,,,,,,,,,,,,,,,,,,
,,,,,,,,,,,,,,,,,,,
,,,,,,,,,,,,,,,,,,,
,,,,,,,,,,,,,,,,,,,
,,,,,,,,,,,,,,,,,,,
